[
  {
    "id": "0e223c01-3b1c-4a14-aa13-5641602f797e",
    "data": [
      {
        "text": "hoa",
        "userDefined": false
      }
    ],
    "isTemplate": false,
    "count": 1,
    "updated": 0
  },
  {
    "id": "6fc35854-7789-46c7-b53b-bf81f76513d2",
    "data": [
      {
        "text": "ho",
        "userDefined": false
      }
    ],
    "isTemplate": false,
    "count": 0,
    "updated": 0
  },
  {
    "id": "a1866872-ebb3-4cb7-a963-b8ab0277bea6",
    "data": [
      {
        "text": "buenas",
        "userDefined": false
      }
    ],
    "isTemplate": false,
    "count": 0
  },
  {
    "id": "4ba0f2e1-97ce-4e74-b647-cde47411a27d",
    "data": [
      {
        "text": "buenas noches",
        "userDefined": false
      }
    ],
    "isTemplate": false,
    "count": 0
  },
  {
    "id": "e87115de-4196-464b-9e21-2e284ed44254",
    "data": [
      {
        "text": "buenos dias",
        "userDefined": false
      }
    ],
    "isTemplate": false,
    "count": 0
  },
  {
    "id": "84349207-22cd-4d80-9599-54c38cbfaab6",
    "data": [
      {
        "text": "buenas tardes",
        "userDefined": false
      }
    ],
    "isTemplate": false,
    "count": 0
  },
  {
    "id": "1de6fa38-dd37-44a3-a426-c9fea4532d55",
    "data": [
      {
        "text": "hola",
        "userDefined": false
      }
    ],
    "isTemplate": false,
    "count": 0,
    "updated": 0
  },
  {
    "id": "b6637377-ce2a-44f0-9885-fc42acfaeec5",
    "data": [
      {
        "text": "hey",
        "userDefined": false
      }
    ],
    "isTemplate": false,
    "count": 0,
    "updated": 0
  },
  {
    "id": "ea686108-fd10-41e9-af74-0f2093cf901a",
    "data": [
      {
        "text": "saludos",
        "userDefined": false
      }
    ],
    "isTemplate": false,
    "count": 0,
    "updated": 0
  },
  {
    "id": "eae02f1e-cac8-4ee8-b318-ee69d3f630c3",
    "data": [
      {
        "text": "hey ho",
        "userDefined": false
      }
    ],
    "isTemplate": false,
    "count": 0,
    "updated": 0
  },
  {
    "id": "7f7f8a5a-8c83-4493-937e-26b680dc3f49",
    "data": [
      {
        "text": "chao",
        "userDefined": false
      }
    ],
    "isTemplate": false,
    "count": 0,
    "updated": 0
  }
]