[
  {
    "id": "fddad0a1-a3ff-4652-8f9a-470374619689",
    "data": [
      {
        "text": "pronto los contactaré",
        "userDefined": false
      }
    ],
    "isTemplate": false,
    "count": 0
  },
  {
    "id": "72528f26-1b29-4d03-830e-84206ca25426",
    "data": [
      {
        "text": "gracias por todo",
        "userDefined": false
      }
    ],
    "isTemplate": false,
    "count": 0
  },
  {
    "id": "e80f48a4-50bc-4ea9-92be-6a0769d70208",
    "data": [
      {
        "text": "gracias",
        "userDefined": false
      }
    ],
    "isTemplate": false,
    "count": 0
  },
  {
    "id": "9a357678-54e6-4198-9ce7-860e172d6414",
    "data": [
      {
        "text": "gracias por la información",
        "userDefined": false
      }
    ],
    "isTemplate": false,
    "count": 0
  },
  {
    "id": "14b589ae-7223-4971-8608-39ae354f8bf5",
    "data": [
      {
        "text": "ok gracias por la información",
        "userDefined": false
      }
    ],
    "isTemplate": false,
    "count": 0
  },
  {
    "id": "8ddd0070-9e7b-4ae5-bb10-28b8c59e4a76",
    "data": [
      {
        "text": "gracias los contactaré",
        "userDefined": false
      }
    ],
    "isTemplate": false,
    "count": 0
  },
  {
    "id": "ba2c4b05-d05e-4560-8fdd-6dc6feef02c8",
    "data": [
      {
        "text": "bueno ",
        "userDefined": false
      },
      {
        "text": "muchas",
        "meta": "@sys.ignore",
        "userDefined": false
      },
      {
        "text": " gracias",
        "userDefined": false
      }
    ],
    "isTemplate": false,
    "count": 0
  }
]