[
  {
    "id": "2f2cef58-9a1b-4e72-9c64-1b168ff1ede4",
    "data": [
      {
        "text": "con ",
        "userDefined": false
      },
      {
        "text": "ana",
        "alias": "nombre",
        "meta": "@sys.given-name",
        "userDefined": true
      },
      {
        "text": ", tiene espacio ",
        "userDefined": false
      },
      {
        "text": "para mi",
        "alias": "tipo",
        "meta": "@tipo_espacio",
        "userDefined": false
      }
    ],
    "isTemplate": false,
    "count": 0
  },
  {
    "id": "7d5f9f28-1ce6-4ecb-bf61-04d94ee497a3",
    "data": [
      {
        "text": "con ",
        "userDefined": false
      },
      {
        "text": "juan guillermo",
        "alias": "nombre",
        "meta": "@sys.given-name",
        "userDefined": true
      },
      {
        "text": ", ustedes tienen espacios para ",
        "userDefined": false
      },
      {
        "text": "una persona",
        "alias": "tipo",
        "meta": "@tipo_espacio",
        "userDefined": true
      }
    ],
    "isTemplate": false,
    "count": 0
  },
  {
    "id": "c1b2a70e-9dd6-4bda-9643-60099c0b12a7",
    "data": [
      {
        "text": "con ",
        "userDefined": false
      },
      {
        "text": "juan guillermo",
        "alias": "nombre",
        "meta": "@sys.given-name",
        "userDefined": true
      }
    ],
    "isTemplate": false,
    "count": 3,
    "updated": 0
  },
  {
    "id": "1fc9d4af-58c2-4c32-b993-62a539df5a56",
    "data": [
      {
        "text": "juan guillermo",
        "alias": "nombre",
        "meta": "@sys.given-name",
        "userDefined": true
      }
    ],
    "isTemplate": false,
    "count": 2,
    "updated": 0
  },
  {
    "id": "2245be94-203c-48bf-b1f6-2afcdf6c084b",
    "data": [
      {
        "text": "jhon",
        "alias": "nombre",
        "meta": "@sys.given-name",
        "userDefined": true
      }
    ],
    "isTemplate": false,
    "count": 0,
    "updated": 0
  },
  {
    "id": "f0099012-20bc-496b-9f3b-6628b7b2c678",
    "data": [
      {
        "text": "con ",
        "userDefined": false
      },
      {
        "text": "juan guillemro",
        "alias": "nombre",
        "meta": "@sys.given-name",
        "userDefined": true
      }
    ],
    "isTemplate": false,
    "count": 2,
    "updated": 0
  },
  {
    "id": "bb41cb81-eced-4c8c-a2c2-0955b9ffe5cb",
    "data": [
      {
        "text": "juan guilermo",
        "alias": "nombre",
        "meta": "@sys.given-name",
        "userDefined": true
      }
    ],
    "isTemplate": false,
    "count": 0,
    "updated": 0
  },
  {
    "id": "7456626e-d896-46b0-9eec-d6252e8a1e84",
    "data": [
      {
        "text": "juan carlos",
        "alias": "nombre",
        "meta": "@sys.given-name",
        "userDefined": true
      }
    ],
    "isTemplate": false,
    "count": 0
  },
  {
    "id": "1328881e-ebe4-443a-9a30-e4f6108e61f3",
    "data": [
      {
        "text": "pedro antonio",
        "alias": "nombre",
        "meta": "@sys.given-name",
        "userDefined": true
      }
    ],
    "isTemplate": false,
    "count": 0
  },
  {
    "id": "585fa489-2958-472f-a7be-e3743d71f680",
    "data": [
      {
        "text": "mario",
        "alias": "nombre",
        "meta": "@sys.given-name",
        "userDefined": true
      }
    ],
    "isTemplate": false,
    "count": 0
  },
  {
    "id": "4cb09c57-88f4-414e-aa59-7f0929cc3642",
    "data": [
      {
        "text": "matias",
        "alias": "nombre",
        "meta": "@sys.given-name",
        "userDefined": true
      }
    ],
    "isTemplate": false,
    "count": 0
  },
  {
    "id": "c1993b09-7690-4076-94c8-f55703a21a57",
    "data": [
      {
        "text": "diana",
        "userDefined": false
      }
    ],
    "isTemplate": false,
    "count": 0
  },
  {
    "id": "1549aaac-8e12-4d2b-8cac-61f232b6ed1a",
    "data": [
      {
        "text": "valentina",
        "userDefined": false
      }
    ],
    "isTemplate": false,
    "count": 0
  },
  {
    "id": "b39566ed-2b23-45fe-9f62-eb8650cec9d1",
    "data": [
      {
        "text": "vanesa",
        "userDefined": false
      }
    ],
    "isTemplate": false,
    "count": 0
  },
  {
    "id": "03c8856f-a630-4a0b-83a3-6f4a152a0928",
    "data": [
      {
        "text": "alejandro",
        "userDefined": false
      }
    ],
    "isTemplate": false,
    "count": 0
  },
  {
    "id": "80f2d0bd-8ad3-4aee-8708-85d6277452d6",
    "data": [
      {
        "text": "david",
        "userDefined": false
      }
    ],
    "isTemplate": false,
    "count": 0
  },
  {
    "id": "5700d0b3-df7e-4088-82e6-106634ee8647",
    "data": [
      {
        "text": "jose",
        "userDefined": false
      }
    ],
    "isTemplate": false,
    "count": 0
  },
  {
    "id": "47af1051-144d-4019-ab57-02cfde4f2a10",
    "data": [
      {
        "text": "adriana",
        "meta": "@sys.ignore",
        "userDefined": false
      }
    ],
    "isTemplate": false,
    "count": 0
  },
  {
    "id": "08b357d5-86d8-4344-9ef1-a7ae156bb353",
    "data": [
      {
        "text": "maria",
        "userDefined": false
      }
    ],
    "isTemplate": false,
    "count": 0
  },
  {
    "id": "3d7e77ad-d432-4be9-aa3b-3766c6d435f5",
    "data": [
      {
        "text": "juan",
        "userDefined": false
      }
    ],
    "isTemplate": false,
    "count": 0
  },
  {
    "id": "e7492bcf-87f6-4472-ab21-87a52af53b9b",
    "data": [
      {
        "text": "pablo",
        "meta": "@sys.ignore",
        "userDefined": false
      }
    ],
    "isTemplate": false,
    "count": 1
  }
]