[
  {
    "id": "886120c8-c098-4b78-bbf8-afb20c75c67f",
    "data": [
      {
        "text": "antonio@hotmail.com",
        "alias": "email",
        "meta": "@sys.email",
        "userDefined": true
      }
    ],
    "isTemplate": false,
    "count": 0
  },
  {
    "id": "b0fd9961-ee43-4768-a50b-e08f6b2a6e50",
    "data": [
      {
        "text": "adriana@gmail.com",
        "alias": "email",
        "meta": "@sys.email",
        "userDefined": true
      }
    ],
    "isTemplate": false,
    "count": 0
  },
  {
    "id": "ba586492-5c2d-4d49-bbdf-c67e264561dd",
    "data": [
      {
        "text": "pedro@gmail.com",
        "alias": "email",
        "meta": "@sys.email",
        "userDefined": true
      }
    ],
    "isTemplate": false,
    "count": 0
  },
  {
    "id": "16106a26-a365-4058-92fa-cd4d5b23d6c7",
    "data": [
      {
        "text": "juan.gomez@gmail.com",
        "alias": "email",
        "meta": "@sys.email",
        "userDefined": true
      }
    ],
    "isTemplate": false,
    "count": 0
  },
  {
    "id": "c0bd5e63-df55-4c89-9d92-001c128221bf",
    "data": [
      {
        "text": "juan@gmail.com",
        "alias": "email",
        "meta": "@sys.email",
        "userDefined": true
      }
    ],
    "isTemplate": false,
    "count": 0
  }
]