[
  {
    "id": "10345875-d16a-4cc5-9a7d-12cc60d76576",
    "data": [
      {
        "text": "entre 2 y 5 personas",
        "alias": "tipo_espacio",
        "meta": "@tipo_espacio",
        "userDefined": true
      }
    ],
    "isTemplate": false,
    "count": 0
  },
  {
    "id": "49872903-aedf-472d-a424-1b8f2c2bddaa",
    "data": [
      {
        "text": "4 personas",
        "alias": "tipo_espacio",
        "meta": "@tipo_espacio",
        "userDefined": true
      }
    ],
    "isTemplate": false,
    "count": 0
  },
  {
    "id": "ebccdf98-67e8-48b8-ad0d-dd27cd9788a2",
    "data": [
      {
        "text": "2 personas",
        "alias": "tipo_espacio",
        "meta": "@tipo_espacio",
        "userDefined": true
      }
    ],
    "isTemplate": false,
    "count": 0
  },
  {
    "id": "c4f432c6-2172-4165-8cfd-58db556b7c41",
    "data": [
      {
        "text": "3 personas",
        "alias": "tipo_espacio",
        "meta": "@tipo_espacio",
        "userDefined": true
      }
    ],
    "isTemplate": false,
    "count": 0
  },
  {
    "id": "3c23cd0d-926c-4310-96f3-c005666aa3d2",
    "data": [
      {
        "text": "cuatro personas",
        "alias": "tipo_espacio",
        "meta": "@tipo_espacio",
        "userDefined": true
      }
    ],
    "isTemplate": false,
    "count": 0
  },
  {
    "id": "b08510db-b362-4090-af47-72daf7453e98",
    "data": [
      {
        "text": "tres personas",
        "alias": "tipo_espacio",
        "meta": "@tipo_espacio",
        "userDefined": true
      }
    ],
    "isTemplate": false,
    "count": 0
  },
  {
    "id": "f8a0f101-4899-433a-b171-10baf46abcab",
    "data": [
      {
        "text": "para dos",
        "alias": "tipo_espacio",
        "meta": "@tipo_espacio",
        "userDefined": false
      },
      {
        "text": " personas",
        "userDefined": false
      }
    ],
    "isTemplate": false,
    "count": 0
  }
]