[
  {
    "id": "4e925207-d29e-4333-8436-bfc2f095f520",
    "data": [
      {
        "text": "adelante",
        "userDefined": false
      }
    ],
    "isTemplate": false,
    "count": 0,
    "updated": 1497432757
  },
  {
    "id": "746f774d-a36b-4e7b-9230-e24be92d7ddf",
    "data": [
      {
        "text": "buena idea",
        "userDefined": false
      }
    ],
    "isTemplate": false,
    "count": 0,
    "updated": 1497432757
  },
  {
    "id": "d3643fd3-76fe-419e-82fe-2c720ed119bf",
    "data": [
      {
        "text": "por supuesto",
        "userDefined": false
      }
    ],
    "isTemplate": false,
    "count": 0,
    "updated": 1497432757
  },
  {
    "id": "93e70540-c800-44d4-b29f-7df4aaa09651",
    "data": [
      {
        "text": "confirmar",
        "userDefined": false
      }
    ],
    "isTemplate": false,
    "count": 0,
    "updated": 1497432757
  },
  {
    "id": "b008371d-cd1a-4abb-a5c4-d9b9aded138b",
    "data": [
      {
        "text": "de acuerdo",
        "userDefined": false
      }
    ],
    "isTemplate": false,
    "count": 0,
    "updated": 1497432757
  },
  {
    "id": "33deb282-aec8-4ff6-ae86-5151e6ae0ef3",
    "data": [
      {
        "text": "sí",
        "userDefined": false
      }
    ],
    "isTemplate": false,
    "count": 0,
    "updated": 1497432757
  },
  {
    "id": "e3147371-524f-4de3-b47e-52dc6d883783",
    "data": [
      {
        "text": "correcto",
        "userDefined": false
      }
    ],
    "isTemplate": false,
    "count": 0,
    "updated": 1497432757
  },
  {
    "id": "b8be94ba-8625-4c37-9cc2-bb7e6d0cfe7a",
    "data": [
      {
        "text": "claro que sí",
        "userDefined": false
      }
    ],
    "isTemplate": false,
    "count": 0,
    "updated": 1497432757
  },
  {
    "id": "0d59c567-2375-4c53-b15f-9de38b961874",
    "data": [
      {
        "text": "eso mismo",
        "userDefined": false
      }
    ],
    "isTemplate": false,
    "count": 0,
    "updated": 1497432757
  }
]