[
  {
    "id": "ff822245-a2b1-4dd3-af53-39f91ef204fc",
    "data": [
      {
        "text": "yo",
        "alias": "tipo_espacio",
        "meta": "@tipo_espacio",
        "userDefined": true
      }
    ],
    "isTemplate": false,
    "count": 0
  },
  {
    "id": "f0bb9d35-5b52-4276-bed3-7d53de78ca9f",
    "data": [
      {
        "text": "solo para mi",
        "alias": "tipo_espacio",
        "meta": "@tipo_espacio",
        "userDefined": false
      }
    ],
    "isTemplate": false,
    "count": 0
  },
  {
    "id": "39037ea2-da8c-468c-856d-9d2df4ab43e5",
    "data": [
      {
        "text": "solo",
        "alias": "tipo_espacio",
        "meta": "@tipo_espacio",
        "userDefined": true
      }
    ],
    "isTemplate": false,
    "count": 0
  },
  {
    "id": "a41ccd2a-b321-4d1b-ad94-532bb05fda07",
    "data": [
      {
        "text": "yo solo",
        "alias": "tipo_espacio",
        "meta": "@tipo_espacio",
        "userDefined": false
      }
    ],
    "isTemplate": false,
    "count": 0
  },
  {
    "id": "b1945bfc-a57f-44b8-8bd5-0376974caac7",
    "data": [
      {
        "text": "para mi",
        "alias": "tipo_espacio",
        "meta": "@tipo_espacio",
        "userDefined": false
      }
    ],
    "isTemplate": false,
    "count": 0
  },
  {
    "id": "b486fdb0-1cdc-4595-ac16-aa1dc1882fe0",
    "data": [
      {
        "text": "para ",
        "userDefined": false
      },
      {
        "text": "una persona",
        "alias": "tipo_espacio",
        "meta": "@tipo_espacio",
        "userDefined": false
      }
    ],
    "isTemplate": false,
    "count": 0
  }
]